--
-- PostgreSQL database dump
--

-- Dumped from database version 15.5 (Debian 15.5-1.pgdg120+1)
-- Dumped by pg_dump version 15.5 (Debian 15.5-1.pgdg120+1)

SET statement_timeout = 0;
SET lock_timeout = 0;
SET idle_in_transaction_session_timeout = 0;
SET client_encoding = 'UTF8';
SET standard_conforming_strings = on;
SELECT pg_catalog.set_config('search_path', '', false);
SET check_function_bodies = false;
SET xmloption = content;
SET client_min_messages = warning;
SET row_security = off;

SET default_tablespace = '';

SET default_table_access_method = heap;

--
-- Name: auth_group; Type: TABLE; Schema: public; Owner: visiongate
--

CREATE TABLE public.auth_group (
    id integer NOT NULL,
    name character varying(150) NOT NULL
);


ALTER TABLE public.auth_group OWNER TO visiongate;

--
-- Name: auth_group_id_seq; Type: SEQUENCE; Schema: public; Owner: visiongate
--

ALTER TABLE public.auth_group ALTER COLUMN id ADD GENERATED BY DEFAULT AS IDENTITY (
    SEQUENCE NAME public.auth_group_id_seq
    START WITH 1
    INCREMENT BY 1
    NO MINVALUE
    NO MAXVALUE
    CACHE 1
);


--
-- Name: auth_group_permissions; Type: TABLE; Schema: public; Owner: visiongate
--

CREATE TABLE public.auth_group_permissions (
    id bigint NOT NULL,
    group_id integer NOT NULL,
    permission_id integer NOT NULL
);


ALTER TABLE public.auth_group_permissions OWNER TO visiongate;

--
-- Name: auth_group_permissions_id_seq; Type: SEQUENCE; Schema: public; Owner: visiongate
--

ALTER TABLE public.auth_group_permissions ALTER COLUMN id ADD GENERATED BY DEFAULT AS IDENTITY (
    SEQUENCE NAME public.auth_group_permissions_id_seq
    START WITH 1
    INCREMENT BY 1
    NO MINVALUE
    NO MAXVALUE
    CACHE 1
);


--
-- Name: auth_permission; Type: TABLE; Schema: public; Owner: visiongate
--

CREATE TABLE public.auth_permission (
    id integer NOT NULL,
    name character varying(255) NOT NULL,
    content_type_id integer NOT NULL,
    codename character varying(100) NOT NULL
);


ALTER TABLE public.auth_permission OWNER TO visiongate;

--
-- Name: auth_permission_id_seq; Type: SEQUENCE; Schema: public; Owner: visiongate
--

ALTER TABLE public.auth_permission ALTER COLUMN id ADD GENERATED BY DEFAULT AS IDENTITY (
    SEQUENCE NAME public.auth_permission_id_seq
    START WITH 1
    INCREMENT BY 1
    NO MINVALUE
    NO MAXVALUE
    CACHE 1
);


--
-- Name: auth_user; Type: TABLE; Schema: public; Owner: visiongate
--

CREATE TABLE public.auth_user (
    id integer NOT NULL,
    password character varying(128) NOT NULL,
    last_login timestamp with time zone,
    is_superuser boolean NOT NULL,
    username character varying(150) NOT NULL,
    first_name character varying(150) NOT NULL,
    last_name character varying(150) NOT NULL,
    email character varying(254) NOT NULL,
    is_staff boolean NOT NULL,
    is_active boolean NOT NULL,
    date_joined timestamp with time zone NOT NULL
);


ALTER TABLE public.auth_user OWNER TO visiongate;

--
-- Name: auth_user_groups; Type: TABLE; Schema: public; Owner: visiongate
--

CREATE TABLE public.auth_user_groups (
    id bigint NOT NULL,
    user_id integer NOT NULL,
    group_id integer NOT NULL
);


ALTER TABLE public.auth_user_groups OWNER TO visiongate;

--
-- Name: auth_user_groups_id_seq; Type: SEQUENCE; Schema: public; Owner: visiongate
--

ALTER TABLE public.auth_user_groups ALTER COLUMN id ADD GENERATED BY DEFAULT AS IDENTITY (
    SEQUENCE NAME public.auth_user_groups_id_seq
    START WITH 1
    INCREMENT BY 1
    NO MINVALUE
    NO MAXVALUE
    CACHE 1
);


--
-- Name: auth_user_id_seq; Type: SEQUENCE; Schema: public; Owner: visiongate
--

ALTER TABLE public.auth_user ALTER COLUMN id ADD GENERATED BY DEFAULT AS IDENTITY (
    SEQUENCE NAME public.auth_user_id_seq
    START WITH 1
    INCREMENT BY 1
    NO MINVALUE
    NO MAXVALUE
    CACHE 1
);


--
-- Name: auth_user_user_permissions; Type: TABLE; Schema: public; Owner: visiongate
--

CREATE TABLE public.auth_user_user_permissions (
    id bigint NOT NULL,
    user_id integer NOT NULL,
    permission_id integer NOT NULL
);


ALTER TABLE public.auth_user_user_permissions OWNER TO visiongate;

--
-- Name: auth_user_user_permissions_id_seq; Type: SEQUENCE; Schema: public; Owner: visiongate
--

ALTER TABLE public.auth_user_user_permissions ALTER COLUMN id ADD GENERATED BY DEFAULT AS IDENTITY (
    SEQUENCE NAME public.auth_user_user_permissions_id_seq
    START WITH 1
    INCREMENT BY 1
    NO MINVALUE
    NO MAXVALUE
    CACHE 1
);


--
-- Name: django_admin_log; Type: TABLE; Schema: public; Owner: visiongate
--

CREATE TABLE public.django_admin_log (
    id integer NOT NULL,
    action_time timestamp with time zone NOT NULL,
    object_id text,
    object_repr character varying(200) NOT NULL,
    action_flag smallint NOT NULL,
    change_message text NOT NULL,
    content_type_id integer,
    user_id integer NOT NULL,
    CONSTRAINT django_admin_log_action_flag_check CHECK ((action_flag >= 0))
);


ALTER TABLE public.django_admin_log OWNER TO visiongate;

--
-- Name: django_admin_log_id_seq; Type: SEQUENCE; Schema: public; Owner: visiongate
--

ALTER TABLE public.django_admin_log ALTER COLUMN id ADD GENERATED BY DEFAULT AS IDENTITY (
    SEQUENCE NAME public.django_admin_log_id_seq
    START WITH 1
    INCREMENT BY 1
    NO MINVALUE
    NO MAXVALUE
    CACHE 1
);


--
-- Name: django_content_type; Type: TABLE; Schema: public; Owner: visiongate
--

CREATE TABLE public.django_content_type (
    id integer NOT NULL,
    app_label character varying(100) NOT NULL,
    model character varying(100) NOT NULL
);


ALTER TABLE public.django_content_type OWNER TO visiongate;

--
-- Name: django_content_type_id_seq; Type: SEQUENCE; Schema: public; Owner: visiongate
--

ALTER TABLE public.django_content_type ALTER COLUMN id ADD GENERATED BY DEFAULT AS IDENTITY (
    SEQUENCE NAME public.django_content_type_id_seq
    START WITH 1
    INCREMENT BY 1
    NO MINVALUE
    NO MAXVALUE
    CACHE 1
);


--
-- Name: django_migrations; Type: TABLE; Schema: public; Owner: visiongate
--

CREATE TABLE public.django_migrations (
    id bigint NOT NULL,
    app character varying(255) NOT NULL,
    name character varying(255) NOT NULL,
    applied timestamp with time zone NOT NULL
);


ALTER TABLE public.django_migrations OWNER TO visiongate;

--
-- Name: django_migrations_id_seq; Type: SEQUENCE; Schema: public; Owner: visiongate
--

ALTER TABLE public.django_migrations ALTER COLUMN id ADD GENERATED BY DEFAULT AS IDENTITY (
    SEQUENCE NAME public.django_migrations_id_seq
    START WITH 1
    INCREMENT BY 1
    NO MINVALUE
    NO MAXVALUE
    CACHE 1
);


--
-- Name: django_session; Type: TABLE; Schema: public; Owner: visiongate
--

CREATE TABLE public.django_session (
    session_key character varying(40) NOT NULL,
    session_data text NOT NULL,
    expire_date timestamp with time zone NOT NULL
);


ALTER TABLE public.django_session OWNER TO visiongate;

--
-- Name: main_camera; Type: TABLE; Schema: public; Owner: visiongate
--

CREATE TABLE public.main_camera (
    id bigint NOT NULL,
    code character varying(255) NOT NULL,
    title character varying(65) NOT NULL,
    name character varying(500),
    sample character varying(100),
    url character varying,
    description text,
    created timestamp with time zone NOT NULL,
    changed timestamp with time zone NOT NULL,
    deleted timestamp with time zone,
    owner_id integer,
    location_id bigint,
    "inout" character varying(5) NOT NULL
);


ALTER TABLE public.main_camera OWNER TO visiongate;

--
-- Name: main_camera_id_seq; Type: SEQUENCE; Schema: public; Owner: visiongate
--

ALTER TABLE public.main_camera ALTER COLUMN id ADD GENERATED BY DEFAULT AS IDENTITY (
    SEQUENCE NAME public.main_camera_id_seq
    START WITH 1
    INCREMENT BY 1
    NO MINVALUE
    NO MAXVALUE
    CACHE 1
);


--
-- Name: main_event; Type: TABLE; Schema: public; Owner: visiongate
--

CREATE TABLE public.main_event (
    id bigint NOT NULL,
    "inout" character varying(5),
    payload character varying(2000),
    created timestamp with time zone NOT NULL,
    changed timestamp with time zone NOT NULL,
    deleted timestamp with time zone,
    camera_id bigint,
    location_id bigint NOT NULL,
    owner_id integer,
    status character varying(7),
    image character varying(100),
    cloud_url character varying(200)
);


ALTER TABLE public.main_event OWNER TO visiongate;

--
-- Name: main_event_id_seq; Type: SEQUENCE; Schema: public; Owner: visiongate
--

ALTER TABLE public.main_event ALTER COLUMN id ADD GENERATED BY DEFAULT AS IDENTITY (
    SEQUENCE NAME public.main_event_id_seq
    START WITH 1
    INCREMENT BY 1
    NO MINVALUE
    NO MAXVALUE
    CACHE 1
);


--
-- Name: main_location; Type: TABLE; Schema: public; Owner: visiongate
--

CREATE TABLE public.main_location (
    id bigint NOT NULL,
    code character varying(255) NOT NULL,
    name character varying(500),
    address character varying(500),
    description text,
    changed timestamp with time zone NOT NULL,
    created timestamp with time zone NOT NULL,
    deleted timestamp with time zone,
    owner_id integer,
    allowed text,
    device character varying(500),
    status character varying(7) NOT NULL,
    token character varying(500),
    opened_by character varying(5),
    opened_date timestamp with time zone,
    mode character varying(10)
);


ALTER TABLE public.main_location OWNER TO visiongate;

--
-- Name: main_location_id_seq; Type: SEQUENCE; Schema: public; Owner: visiongate
--

ALTER TABLE public.main_location ALTER COLUMN id ADD GENERATED BY DEFAULT AS IDENTITY (
    SEQUENCE NAME public.main_location_id_seq
    START WITH 1
    INCREMENT BY 1
    NO MINVALUE
    NO MAXVALUE
    CACHE 1
);


--
-- Name: management_locationuser; Type: TABLE; Schema: public; Owner: visiongate
--

CREATE TABLE public.management_locationuser (
    id bigint NOT NULL,
    created timestamp with time zone NOT NULL,
    changed timestamp with time zone NOT NULL,
    deleted timestamp with time zone,
    location_id bigint NOT NULL,
    user_id integer NOT NULL
);


ALTER TABLE public.management_locationuser OWNER TO visiongate;

--
-- Name: management_locationuser_id_seq; Type: SEQUENCE; Schema: public; Owner: visiongate
--

ALTER TABLE public.management_locationuser ALTER COLUMN id ADD GENERATED BY DEFAULT AS IDENTITY (
    SEQUENCE NAME public.management_locationuser_id_seq
    START WITH 1
    INCREMENT BY 1
    NO MINVALUE
    NO MAXVALUE
    CACHE 1
);


--
-- Data for Name: auth_group; Type: TABLE DATA; Schema: public; Owner: visiongate
--

COPY public.auth_group (id, name) FROM stdin;
1	admin
2	user
\.


--
-- Data for Name: auth_group_permissions; Type: TABLE DATA; Schema: public; Owner: visiongate
--

COPY public.auth_group_permissions (id, group_id, permission_id) FROM stdin;
1	1	32
2	1	33
3	1	34
4	1	35
5	1	36
6	1	25
7	1	26
8	1	27
9	1	28
10	1	29
11	1	30
12	1	31
13	2	32
14	2	28
15	2	36
\.


--
-- Data for Name: auth_permission; Type: TABLE DATA; Schema: public; Owner: visiongate
--

COPY public.auth_permission (id, name, content_type_id, codename) FROM stdin;
1	Can add log entry	1	add_logentry
2	Can change log entry	1	change_logentry
3	Can delete log entry	1	delete_logentry
4	Can view log entry	1	view_logentry
5	Can add permission	2	add_permission
6	Can change permission	2	change_permission
7	Can delete permission	2	delete_permission
8	Can view permission	2	view_permission
9	Can add group	3	add_group
10	Can change group	3	change_group
11	Can delete group	3	delete_group
12	Can view group	3	view_group
13	Can add user	4	add_user
14	Can change user	4	change_user
15	Can delete user	4	delete_user
16	Can view user	4	view_user
17	Can add content type	5	add_contenttype
18	Can change content type	5	change_contenttype
19	Can delete content type	5	delete_contenttype
20	Can view content type	5	view_contenttype
21	Can add session	6	add_session
22	Can change session	6	change_session
23	Can delete session	6	delete_session
24	Can view session	6	view_session
25	Can add Камера	7	add_camera
26	Can change Камера	7	change_camera
27	Can delete Камера	7	delete_camera
28	Can view Камера	7	view_camera
29	Can add Локация	8	add_location
30	Can change Локация	8	change_location
31	Can delete Локация	8	delete_location
32	Can view Локация	8	view_location
33	Can add Событие	9	add_event
34	Can change Событие	9	change_event
35	Can delete Событие	9	delete_event
36	Can view Событие	9	view_event
37	Can add Доступ к локации	10	add_locationuser
38	Can change Доступ к локации	10	change_locationuser
39	Can delete Доступ к локации	10	delete_locationuser
40	Can view Доступ к локации	10	view_locationuser
\.


--
-- Data for Name: auth_user; Type: TABLE DATA; Schema: public; Owner: visiongate
--

COPY public.auth_user (id, password, last_login, is_superuser, username, first_name, last_name, email, is_staff, is_active, date_joined) FROM stdin;
3	pbkdf2_sha256$870000$XpTlwOenCD3LO14p76AZj9$6gwU1EG5dLKVCbqPU5LIMNpWHuwN34q+x6q8rpIxe10=	2025-01-16 09:43:59.521826+00	f	alex				t	t	2024-12-31 06:40:17+00
1	pbkdf2_sha256$870000$OHEvfa1XOiQ7qRe6l82476$EwICYTYIe+vsDhrNl1k7Hk00OGyK0qHOiHevDNziaw4=	2025-01-28 03:28:55.393343+00	t	kam			kam@kambox.ru	t	t	2024-10-27 15:46:12.465334+00
\.


--
-- Data for Name: auth_user_groups; Type: TABLE DATA; Schema: public; Owner: visiongate
--

COPY public.auth_user_groups (id, user_id, group_id) FROM stdin;
4	3	2
\.


--
-- Data for Name: auth_user_user_permissions; Type: TABLE DATA; Schema: public; Owner: visiongate
--

COPY public.auth_user_user_permissions (id, user_id, permission_id) FROM stdin;
\.


--
-- Data for Name: django_admin_log; Type: TABLE DATA; Schema: public; Owner: visiongate
--

COPY public.django_admin_log (id, action_time, object_id, object_repr, action_flag, change_message, content_type_id, user_id) FROM stdin;
1	2024-10-27 17:46:07.339889+00	1	Радужный, шалгбаум	1	[{"added": {}}]	7	1
2	2024-10-29 05:56:20.065252+00	1	Радужный, шалгбаум	2	[{"changed": {"fields": ["\\u041f\\u0440\\u0438\\u043c\\u0435\\u0440 \\u0432\\u0438\\u0434\\u0435\\u043e"]}}]	7	1
3	2024-10-29 06:42:46.004438+00	2	Радужный, шалгбаум	1	[{"added": {}}]	7	1
4	2024-10-29 06:43:39.95181+00	2	Радужный, шалгбаум	2	[{"changed": {"fields": ["\\u041a\\u043e\\u0434", "\\u041f\\u0440\\u0438\\u043c\\u0435\\u0440 \\u0432\\u0438\\u0434\\u0435\\u043e", "\\u0410\\u0434\\u0440\\u0435\\u0441 \\u043f\\u043e\\u0442\\u043e\\u043a\\u0430 rstp"]}}]	7	1
5	2024-10-29 06:51:13.022938+00	2	guest	1	[{"added": {}}]	4	1
6	2024-10-29 06:51:31.116322+00	2	guest	2	[{"changed": {"fields": ["Staff status"]}}]	4	1
7	2024-11-03 03:00:09.746383+00	2	Радужный, шалгбаум	2	[]	7	1
8	2024-11-03 03:01:11.369394+00	2	Радужный, шалгбаум	2	[{"changed": {"fields": ["\\u041f\\u0440\\u0438\\u043c\\u0435\\u0440 \\u0432\\u0438\\u0434\\u0435\\u043e"]}}]	7	1
9	2024-11-03 03:01:22.176802+00	2	Радужный, шалгбаум	2	[{"changed": {"fields": ["\\u041f\\u0440\\u0438\\u043c\\u0435\\u0440 \\u0432\\u0438\\u0434\\u0435\\u043e"]}}]	7	1
10	2024-11-03 03:07:21.702261+00	1	Радужный	1	[{"added": {}}]	8	1
11	2024-11-03 03:37:15.351909+00	2	Радужный, шалгбаум	2	[{"changed": {"fields": ["\\u041b\\u043e\\u043a\\u0430\\u0446\\u0438\\u044f"]}}]	7	1
12	2024-11-03 03:37:19.533681+00	1	Радужный, шалгбаум	2	[{"changed": {"fields": ["\\u041b\\u043e\\u043a\\u0430\\u0446\\u0438\\u044f"]}}]	7	1
13	2024-11-03 03:47:27.684791+00	2	Радужный, шалгбаум	2	[{"changed": {"fields": ["\\u041d\\u0430\\u043f\\u0440\\u0430\\u0432\\u043b\\u0435\\u043d\\u0438\\u0435"]}}]	7	1
14	2024-11-03 03:55:26.507333+00	1	Радужный	2	[{"changed": {"fields": ["\\u0420\\u0430\\u0437\\u0440\\u0435\\u0448\\u0451\\u043d\\u043d\\u044b\\u0435"]}}]	8	1
15	2024-11-03 04:17:36.052588+00	1	Радужный	2	[]	8	1
16	2024-11-03 08:17:44.194248+00	2	Радужный, шалгбаум	2	[{"changed": {"fields": ["\\u041d\\u0430\\u043f\\u0440\\u0430\\u0432\\u043b\\u0435\\u043d\\u0438\\u0435"]}}]	7	1
17	2024-11-03 08:17:49.886483+00	1	Радужный, шалгбаум	2	[{"changed": {"fields": ["\\u041d\\u0430\\u043f\\u0440\\u0430\\u0432\\u043b\\u0435\\u043d\\u0438\\u0435"]}}]	7	1
18	2024-11-03 08:25:22.169948+00	2	Радужный, шалгбаум	2	[{"changed": {"fields": ["\\u041b\\u043e\\u043a\\u0430\\u0446\\u0438\\u044f"]}}]	7	1
19	2024-11-03 13:10:10.176223+00	2	Радужный, шалгбаум	2	[{"changed": {"fields": ["\\u041b\\u043e\\u043a\\u0430\\u0446\\u0438\\u044f"]}}]	7	1
20	2024-11-03 19:36:33.430854+00	2	guest	2	[{"changed": {"fields": ["User permissions"]}}]	4	1
21	2024-11-04 02:58:08.633047+00	1	admin	1	[{"added": {}}]	3	1
22	2024-11-04 02:58:28.36346+00	2	guest	2	[{"changed": {"fields": ["Groups", "User permissions"]}}]	4	1
23	2024-11-23 06:23:29.845233+00	1	Радужный	2	[{"changed": {"fields": ["\\u0423\\u0441\\u0442\\u0440\\u043e\\u0439\\u0441\\u0442\\u0432\\u043e"]}}]	8	1
24	2024-11-23 06:27:55.183412+00	1	Радужный	2	[{"changed": {"fields": ["\\u0421\\u0442\\u0430\\u0442\\u0443\\u0441"]}}]	8	1
25	2024-11-23 06:28:02.126195+00	1	Радужный	2	[{"changed": {"fields": ["\\u0421\\u0442\\u0430\\u0442\\u0443\\u0441"]}}]	8	1
\.


--
-- Data for Name: django_content_type; Type: TABLE DATA; Schema: public; Owner: visiongate
--

COPY public.django_content_type (id, app_label, model) FROM stdin;
1	admin	logentry
2	auth	permission
3	auth	group
4	auth	user
5	contenttypes	contenttype
6	sessions	session
7	main	camera
8	main	location
9	main	event
10	management	locationuser
\.


--
-- Data for Name: django_migrations; Type: TABLE DATA; Schema: public; Owner: visiongate
--

COPY public.django_migrations (id, app, name, applied) FROM stdin;
1	contenttypes	0001_initial	2024-10-27 15:45:45.233209+00
2	auth	0001_initial	2024-10-27 15:45:45.378302+00
3	admin	0001_initial	2024-10-27 15:45:45.416301+00
4	admin	0002_logentry_remove_auto_add	2024-10-27 15:45:45.426833+00
5	admin	0003_logentry_add_action_flag_choices	2024-10-27 15:45:45.437368+00
6	contenttypes	0002_remove_content_type_name	2024-10-27 15:45:45.454945+00
7	auth	0002_alter_permission_name_max_length	2024-10-27 15:45:45.465473+00
8	auth	0003_alter_user_email_max_length	2024-10-27 15:45:45.475295+00
9	auth	0004_alter_user_username_opts	2024-10-27 15:45:45.486299+00
10	auth	0005_alter_user_last_login_null	2024-10-27 15:45:45.497217+00
11	auth	0006_require_contenttypes_0002	2024-10-27 15:45:45.50023+00
12	auth	0007_alter_validators_add_error_messages	2024-10-27 15:45:45.509973+00
13	auth	0008_alter_user_username_max_length	2024-10-27 15:45:45.527158+00
14	auth	0009_alter_user_last_name_max_length	2024-10-27 15:45:45.537707+00
15	auth	0010_alter_group_name_max_length	2024-10-27 15:45:45.549337+00
16	auth	0011_update_proxy_permissions	2024-10-27 15:45:45.55868+00
17	auth	0012_alter_user_first_name_max_length	2024-10-27 15:45:45.568979+00
18	main	0001_initial	2024-10-27 15:45:45.60164+00
19	sessions	0001_initial	2024-10-27 15:45:45.628878+00
20	main	0002_alter_camera_code_alter_camera_url	2024-10-29 06:45:12.110964+00
21	main	0003_location	2024-11-03 03:03:09.050945+00
22	main	0004_location_changed_location_created_location_deleted_and_more	2024-11-03 03:06:16.482274+00
23	main	0005_remove_camera_address_camera_location	2024-11-03 03:36:41.915125+00
24	main	0006_camera_inout	2024-11-03 03:46:08.10774+00
25	main	0007_location_allowed	2024-11-03 03:55:02.142157+00
26	main	0008_event	2024-11-03 06:52:44.614441+00
27	main	0009_location_device_location_status_alter_event_created	2024-11-23 06:20:41.075171+00
28	main	0010_location_token	2024-11-23 11:11:50.949326+00
29	main	0011_event_status_alter_event_camera_alter_event_inout	2024-11-23 11:26:50.216358+00
30	main	0012_alter_event_inout_alter_event_status	2024-11-23 11:28:46.50315+00
31	main	0013_location_opened_by_location_opened_date_and_more	2024-12-15 10:11:25.732828+00
32	main	0014_event_image	2024-12-18 19:12:48.878273+00
33	main	0015_location_mode	2024-12-28 13:06:30.739879+00
34	management	0001_initial	2025-01-03 10:37:48.565029+00
35	main	0016_event_cloud_url	2025-01-13 02:53:24.637032+00
\.


--
-- Data for Name: django_session; Type: TABLE DATA; Schema: public; Owner: visiongate
--

COPY public.django_session (session_key, session_data, expire_date) FROM stdin;
lx9zdmsq2mj1ikbznmjq5207nja6vi8k	.eJxVjEsOwjAMBe-SNYoSB_fDkn3PENmOQwqolZp2hbg7VOoCtm9m3stE2tYSt6pLHJO5GG9OvxuTPHTaQbrTdJutzNO6jGx3xR602mFO-rwe7t9BoVq-tTIIIXpJLTuE7IBQpPVdbvrQkaoTOjMGdrlDDrkHgIDQCmmTckLz_gD66Th_:1t565b:GymrDPvRYM-fatjocDmIVG1HCB7Dk5BmVkJ430ZpA30	2024-11-10 16:26:03.567587+00
jx6f260zx2y8o46gum0zx5fzk38aiamz	.eJxVjEsOwjAMBe-SNYoSB_fDkn3PENmOQwqolZp2hbg7VOoCtm9m3stE2tYSt6pLHJO5GG9OvxuTPHTaQbrTdJutzNO6jGx3xR602mFO-rwe7t9BoVq-tTIIIXpJLTuE7IBQpPVdbvrQkaoTOjMGdrlDDrkHgIDQCmmTckLz_gD66Th_:1t57Nv:OEiAnFYkHlkHB1Udb4toYLsQbLem1St5XzzAW3HP_Ac	2024-11-10 17:49:03.264602+00
eeqfy4hzi55h1hxs761nq3obt87w47cu	.eJxVjEsOwjAMBe-SNYoSB_fDkn3PENmOQwqolZp2hbg7VOoCtm9m3stE2tYSt6pLHJO5GG9OvxuTPHTaQbrTdJutzNO6jGx3xR602mFO-rwe7t9BoVq-tTIIIXpJLTuE7IBQpPVdbvrQkaoTOjMGdrlDDrkHgIDQCmmTckLz_gD66Th_:1t57Xl:cWOYhlmNeu0sVB5K3j52i631ftQeTzvZGnc248k-MH0	2024-11-10 17:59:13.113236+00
bmsrfn1otmh6dz0orx6yji78woksqi1k	.eJxVjEsOwjAMBe-SNYoSB_fDkn3PENmOQwqolZp2hbg7VOoCtm9m3stE2tYSt6pLHJO5GG9OvxuTPHTaQbrTdJutzNO6jGx3xR602mFO-rwe7t9BoVq-tTIIIXpJLTuE7IBQpPVdbvrQkaoTOjMGdrlDDrkHgIDQCmmTckLz_gD66Th_:1t5c7L:pYhrQfNSBNK97O0d9nbOTl4ulEbNeDw2jEVywjkvZRk	2024-11-12 02:37:59.47007+00
slrt8zy5z5hshgqdsd07c41rx96cosn5	.eJxVjEsOwjAMBe-SNYoSB_fDkn3PENmOQwqolZp2hbg7VOoCtm9m3stE2tYSt6pLHJO5GG9OvxuTPHTaQbrTdJutzNO6jGx3xR602mFO-rwe7t9BoVq-tTIIIXpJLTuE7IBQpPVdbvrQkaoTOjMGdrlDDrkHgIDQCmmTckLz_gD66Th_:1t5g3N:e8Iwl13pPhGF7u9BLnz6Q71C2c6GbjhasGRpD9vy9eU	2024-11-12 06:50:09.347501+00
jwi8wddpdsz5pocmhpddt6pggripzz8p	.eJxVjEsOwjAMBe-SNYpSHBKHJXvOUNmOQwsokfpZIe4OlbqA7ZuZ9zI9rcvQr7NO_ZjN2RzN4XdjkofWDeQ71Vuz0uoyjWw3xe50tteW9XnZ3b-DgebhW5-8A-lSlhi7ENmVkkmAsSgHweyFELgDcikCIsXkEAEKKfuiIZF5fwDyaThw:1t5g51:j0eWNGtHEWFFfv_IfNVifzE3EsCj0WfUGPgNgC-sOsY	2024-11-12 06:51:51.73618+00
s36frjbhpse6prbku5r6axwl51n0nqtr	.eJxVjEsOwjAMBe-SNYpSHBKHJXvOUNmOQwsokfpZIe4OlbqA7ZuZ9zI9rcvQr7NO_ZjN2RzN4XdjkofWDeQ71Vuz0uoyjWw3xe50tteW9XnZ3b-DgebhW5-8A-lSlhi7ENmVkkmAsSgHweyFELgDcikCIsXkEAEKKfuiIZF5fwDyaThw:1t5g7G:dqJgSUzor3pfSG2F-WqTeix3x0Mhnv0uLZiGK77FI2o	2024-11-12 06:54:10.981638+00
rux3ksj9diuy1hgh6hc6c8a2jpzxo5mr	.eJxVjEsOwjAMBe-SNYpSHBKHJXvOUNmOQwsokfpZIe4OlbqA7ZuZ9zI9rcvQr7NO_ZjN2RzN4XdjkofWDeQ71Vuz0uoyjWw3xe50tteW9XnZ3b-DgebhW5-8A-lSlhi7ENmVkkmAsSgHweyFELgDcikCIsXkEAEKKfuiIZF5fwDyaThw:1t7gP6:FdGCCIoxCpk4kPkBkyfMrpAuq2YFXtKbTR9vmixvmo0	2024-11-17 19:36:52.814774+00
5534e65vv9stkxm02zqo9r79w7oi3f77	.eJxVjEsOwjAMBe-SNYpSHBKHJXvOUNmOQwsokfpZIe4OlbqA7ZuZ9zI9rcvQr7NO_ZjN2RzN4XdjkofWDeQ71Vuz0uoyjWw3xe50tteW9XnZ3b-DgebhW5-8A-lSlhi7ENmVkkmAsSgHweyFELgDcikCIsXkEAEKKfuiIZF5fwDyaThw:1t7n6T:PWzf2FkoV0205uF1_A3mnHqC7s_5NjxjPTPJl_3VwN4	2024-11-18 02:46:05.342055+00
vkfc7muo1pgylyn47h5lemig3o87hkc7	.eJxVjEsOwjAMBe-SNYpSHBKHJXvOUNmOQwsokfpZIe4OlbqA7ZuZ9zI9rcvQr7NO_ZjN2RzN4XdjkofWDeQ71Vuz0uoyjWw3xe50tteW9XnZ3b-DgebhW5-8A-lSlhi7ENmVkkmAsSgHweyFELgDcikCIsXkEAEKKfuiIZF5fwDyaThw:1t7rcS:IXXMZ6uWYrDuTDR5GeRU73dWJUU9HsEc8s5arA20WjM	2024-11-18 07:35:24.103248+00
rrwsnjtulpn2trbgk0qnqzyebofzjdek	.eJxVjEsOwjAMBe-SNYoSB_fDkn3PENmOQwqolZp2hbg7VOoCtm9m3stE2tYSt6pLHJO5GG9OvxuTPHTaQbrTdJutzNO6jGx3xR602mFO-rwe7t9BoVq-tTIIIXpJLTuE7IBQpPVdbvrQkaoTOjMGdrlDDrkHgIDQCmmTckLz_gD66Th_:1tAn8B:yV3aOfKrNEu6DcpnJqcmhBNJZZbP7YhaP9TjuaxdkS4	2024-11-26 09:24:15.665628+00
bvfv31thajrl0s311vjmncc7yspppf2o	.eJxVjEsOwjAMBe-SNYoSB_fDkn3PENmOQwqolZp2hbg7VOoCtm9m3stE2tYSt6pLHJO5GG9OvxuTPHTaQbrTdJutzNO6jGx3xR602mFO-rwe7t9BoVq-tTIIIXpJLTuE7IBQpPVdbvrQkaoTOjMGdrlDDrkHgIDQCmmTckLz_gD66Th_:1tDzs7:Ujh0nqcKsbSkZHgYHzPE8Wpii5gNVbYU7t8nbzzpebs	2024-12-05 05:36:55.080898+00
nzea165ptgxfdnjf8lzccgvmptsqc1m4	.eJxVjEsOwjAMBe-SNYoSB_fDkn3PENmOQwqolZp2hbg7VOoCtm9m3stE2tYSt6pLHJO5GG9OvxuTPHTaQbrTdJutzNO6jGx3xR602mFO-rwe7t9BoVq-tTIIIXpJLTuE7IBQpPVdbvrQkaoTOjMGdrlDDrkHgIDQCmmTckLz_gD66Th_:1tEjzN:iNNCwrVFFFSlbCeMZx_9JCNZDyHFiDbrU2kR5pHt6AE	2024-12-07 06:51:29.290169+00
\.


--
-- Data for Name: main_camera; Type: TABLE DATA; Schema: public; Owner: visiongate
--

COPY public.main_camera (id, code, title, name, sample, url, description, created, changed, deleted, owner_id, location_id, "inout") FROM stdin;
2	raduzh2	Радужный, шалгбаум	\N	files/2/VisiongateDemo.mp4	rtsp://admin:LMMNMY@192.168.1.11:554/out.h264		2024-10-29 06:42:46.000222+00	2024-12-09 17:26:14.767622+00	\N	1	1	IN
1	raduzh1	Радужный, шалгбаум	\N	files/1/number_plate.mp4	rtsp://admin:IPJUMX@192.168.1.15:554/out.h264		2024-10-27 17:46:07.329347+00	2025-01-15 12:29:55.839252+00	\N	1	1	OUT
\.


--
-- Data for Name: main_event; Type: TABLE DATA; Schema: public; Owner: visiongate
--

COPY public.main_event (id, "inout", payload, created, changed, deleted, camera_id, location_id, owner_id, status, image, cloud_url) FROM stdin;
1	OUT	['A621EP716']	2024-11-03 07:05:43.181756+00	2024-11-03 07:05:43.181764+00	\N	2	1	\N	OPENING	\N	\N
2	OUT	['A621EP716']	2024-11-03 07:05:56.44739+00	2024-11-03 07:05:56.447398+00	\N	2	1	\N	OPENING	\N	\N
3	OUT	['A621EP716']	2024-11-03 07:06:20.125053+00	2024-11-03 07:06:20.125059+00	\N	2	1	\N	OPENING	\N	\N
4	OUT	['A621EP716']	2024-11-03 07:06:48.689005+00	2024-11-03 07:06:48.689013+00	\N	2	1	\N	OPENING	\N	\N
5	OUT	['A621EP716']	2024-11-03 07:12:20.488274+00	2024-11-03 07:12:20.488282+00	\N	2	1	\N	OPENING	\N	\N
6	OUT	['A621EP716']	2024-11-03 07:12:33.913504+00	2024-11-03 07:12:33.91351+00	\N	2	1	\N	OPENING	\N	\N
7	OUT	['A621EP716']	2024-11-03 07:12:55.675325+00	2024-11-03 07:12:55.675332+00	\N	2	1	\N	OPENING	\N	\N
8	OUT	['A621EP716']	2024-11-03 07:13:23.673788+00	2024-11-03 07:13:23.673797+00	\N	2	1	\N	OPENING	\N	\N
9	IN	['A621EP716']	2024-11-03 13:14:22.085006+00	2024-11-03 13:14:22.085016+00	\N	2	1	\N	OPENING	\N	\N
10	IN	['A621EP716']	2024-11-03 13:15:39.343229+00	2024-11-03 13:15:39.343237+00	\N	2	1	\N	OPENING	\N	\N
11	IN	['A621EP716']	2024-11-03 13:17:39.178178+00	2024-11-03 13:17:39.178185+00	\N	2	1	\N	OPENING	\N	\N
12	IN	['A621EP716']	2024-11-03 13:20:39.455594+00	2024-11-03 13:20:39.4556+00	\N	2	1	\N	OPENING	\N	\N
13	IN	['A621EP716']	2024-11-03 13:36:03.488383+00	2024-11-03 13:36:03.488391+00	\N	2	1	\N	OPENING	\N	\N
14	IN	['A621EP716']	2024-11-03 13:37:27.265289+00	2024-11-03 13:37:27.265296+00	\N	2	1	\N	OPENING	\N	\N
15	IN	['A621EP716']	2024-11-03 13:42:09.868565+00	2024-11-03 13:42:09.868573+00	\N	2	1	\N	OPENING	\N	\N
16	IN	['A621EP716']	2024-11-03 14:22:57.177024+00	2024-11-03 14:22:57.177032+00	\N	2	1	\N	OPENING	\N	\N
17	IN	['A621EP716']	2024-11-03 15:49:32.486475+00	2024-11-03 15:49:32.486483+00	\N	2	1	\N	OPENING	\N	\N
18	IN	['A621EP716']	2024-11-03 15:49:40.386166+00	2024-11-03 15:49:40.386172+00	\N	2	1	\N	OPENING	\N	\N
19	IN	['A621EP716']	2024-11-03 15:49:54.849077+00	2024-11-03 15:49:54.849083+00	\N	2	1	\N	OPENING	\N	\N
20	IN	['A621EP716']	2024-11-03 15:50:16.15987+00	2024-11-03 15:50:16.159879+00	\N	2	1	\N	OPENING	\N	\N
21	IN	['A621EP716']	2024-11-03 15:56:38.039326+00	2024-11-03 15:56:38.03939+00	\N	2	1	\N	OPENING	\N	\N
22	IN	['A621EP716']	2024-11-03 15:56:45.796564+00	2024-11-03 15:56:45.796573+00	\N	2	1	\N	OPENING	\N	\N
23	IN	['A621EP716']	2024-11-03 15:57:00.471567+00	2024-11-03 15:57:00.471576+00	\N	2	1	\N	OPENING	\N	\N
24	IN	['A621EP716']	2024-11-03 15:57:21.938795+00	2024-11-03 15:57:21.938805+00	\N	2	1	\N	OPENING	\N	\N
25	IN	['A621EP716']	2024-11-03 16:01:23.779792+00	2024-11-03 16:01:23.779802+00	\N	2	1	\N	OPENING	\N	\N
26	IN	['A621EP716']	2024-11-03 16:01:31.780857+00	2024-11-03 16:01:31.780863+00	\N	2	1	\N	OPENING	\N	\N
27	IN	['A621EP716']	2024-11-03 16:01:46.792907+00	2024-11-03 16:01:46.792916+00	\N	2	1	\N	OPENING	\N	\N
28	IN	['A621EP716']	2024-11-03 16:02:09.868782+00	2024-11-03 16:02:09.86879+00	\N	2	1	\N	OPENING	\N	\N
29	IN	['A621EP716']	2024-11-04 02:32:24.372418+00	2024-11-04 02:32:24.372426+00	\N	2	1	\N	OPENING	\N	\N
30	IN	['A621EP716']	2024-11-04 02:32:32.689899+00	2024-11-04 02:32:32.689906+00	\N	2	1	\N	OPENING	\N	\N
31	IN	['A621EP716']	2024-11-04 02:32:47.911974+00	2024-11-04 02:32:47.911981+00	\N	2	1	\N	OPENING	\N	\N
32	IN	['A621EP716']	2024-11-04 02:45:36.178998+00	2024-11-04 02:45:36.179006+00	\N	2	1	\N	OPENING	\N	\N
33	IN	['A621EP716']	2024-11-04 02:48:29.433565+00	2024-11-04 02:48:29.433572+00	\N	2	1	1	OPENING	\N	\N
34	IN	['A621EP716']	2024-11-04 02:48:37.420351+00	2024-11-04 02:48:37.420357+00	\N	2	1	1	OPENING	\N	\N
35	IN	['A621EP716']	2024-11-04 02:48:52.124139+00	2024-11-04 02:48:52.124147+00	\N	2	1	1	OPENING	\N	\N
36	IN	['A621EP716']	2024-11-04 02:49:13.534299+00	2024-11-04 02:49:13.534308+00	\N	2	1	1	OPENING	\N	\N
37	IN	['A621EP716']	2024-11-04 06:39:37.760413+00	2024-11-04 06:39:37.760421+00	\N	2	1	1	OPENING	\N	\N
38	IN	['A621EP716']	2024-11-04 06:39:45.48268+00	2024-11-04 06:39:45.482686+00	\N	2	1	1	OPENING	\N	\N
39	IN	['A621EP716']	2024-11-04 06:40:00.023074+00	2024-11-04 06:40:00.023082+00	\N	2	1	1	OPENING	\N	\N
40	IN	['A621EP716']	2024-11-04 06:40:21.292328+00	2024-11-04 06:40:21.292336+00	\N	2	1	1	OPENING	\N	\N
41	IN	['A621EP716']	2024-11-04 06:55:44.595636+00	2024-11-04 06:55:44.595643+00	\N	2	1	1	OPENING	\N	\N
42	IN	['A621EP716']	2024-11-04 06:55:52.446454+00	2024-11-04 06:55:52.446462+00	\N	2	1	1	OPENING	\N	\N
43	IN	['A621EP716']	2024-11-04 06:56:06.995643+00	2024-11-04 06:56:06.99565+00	\N	2	1	1	OPENING	\N	\N
44	IN	['A621EP716']	2024-11-04 06:56:28.154386+00	2024-11-04 06:56:28.154395+00	\N	2	1	1	OPENING	\N	\N
45	IN	['A621EP716']	2024-11-04 12:51:44.908615+00	2024-11-04 12:51:44.908623+00	\N	2	1	1	OPENING	\N	\N
46	IN	['A621EP716']	2024-11-04 12:51:52.738334+00	2024-11-04 12:51:52.738342+00	\N	2	1	1	OPENING	\N	\N
47	IN	['A621EP716']	2024-11-04 12:52:07.434863+00	2024-11-04 12:52:07.434871+00	\N	2	1	1	OPENING	\N	\N
48	IN	['A621EP716']	2024-11-04 12:52:29.07693+00	2024-11-04 12:52:29.076939+00	\N	2	1	1	OPENING	\N	\N
49	IN	['A621EP716']	2024-11-07 02:44:08.926192+00	2024-11-07 02:44:08.9262+00	\N	2	1	1	OPENING	\N	\N
50	IN	['A621EP716']	2024-11-07 02:44:17.240548+00	2024-11-07 02:44:17.240589+00	\N	2	1	1	OPENING	\N	\N
51	IN	['A621EP716']	2024-11-07 02:44:32.607033+00	2024-11-07 02:44:32.607043+00	\N	2	1	1	OPENING	\N	\N
52	IN	['A621EP716']	2024-11-07 02:44:55.395702+00	2024-11-07 02:44:55.395714+00	\N	2	1	1	OPENING	\N	\N
53	IN	['A621EP716']	2024-11-12 09:24:51.301229+00	2024-11-12 09:24:51.301239+00	\N	2	1	1	OPENING	\N	\N
54	IN	['A621EP716']	2024-11-12 09:24:59.274843+00	2024-11-12 09:24:59.274853+00	\N	2	1	1	OPENING	\N	\N
55	IN	['A621EP716']	2024-11-12 09:25:14.062974+00	2024-11-12 09:25:14.062981+00	\N	2	1	1	OPENING	\N	\N
56	IN	['A621EP716']	2024-11-12 09:25:35.912056+00	2024-11-12 09:25:35.912063+00	\N	2	1	1	OPENING	\N	\N
57	IN	['A621EP716']	2024-11-12 15:46:08.028999+00	2024-11-12 15:46:08.029007+00	\N	2	1	1	OPENING	\N	\N
58	IN	['A621EP716']	2024-11-12 15:46:15.962294+00	2024-11-12 15:46:15.962301+00	\N	2	1	1	OPENING	\N	\N
59	IN	['A621EP716']	2024-11-12 15:46:30.789658+00	2024-11-12 15:46:30.789667+00	\N	2	1	1	OPENING	\N	\N
60	IN	['A621EP716']	2024-11-12 15:46:52.724915+00	2024-11-12 15:46:52.724923+00	\N	2	1	1	OPENING	\N	\N
61	IN	['A621EP716']	2024-11-12 15:48:07.640766+00	2024-11-12 15:48:07.640773+00	\N	2	1	1	OPENING	\N	\N
62	IN	['A621EP716']	2024-11-12 15:48:15.809135+00	2024-11-12 15:48:15.809142+00	\N	2	1	1	OPENING	\N	\N
63	IN	['A621EP716']	2024-11-12 15:48:30.559644+00	2024-11-12 15:48:30.559653+00	\N	2	1	1	OPENING	\N	\N
64	IN	['A621EP716']	2024-11-12 15:48:52.447685+00	2024-11-12 15:48:52.447695+00	\N	2	1	1	OPENING	\N	\N
65	IN	['A621EP716']	2024-11-12 15:50:50.058437+00	2024-11-12 15:50:50.058444+00	\N	2	1	1	OPENING	\N	\N
66	IN	['A621EP716']	2024-11-12 15:50:57.852278+00	2024-11-12 15:50:57.852289+00	\N	2	1	1	OPENING	\N	\N
67	IN	['A621EP716']	2024-11-12 15:51:12.994771+00	2024-11-12 15:51:12.994781+00	\N	2	1	1	OPENING	\N	\N
68	IN	['A621EP716']	2024-11-12 15:51:34.626402+00	2024-11-12 15:51:34.626409+00	\N	2	1	1	OPENING	\N	\N
69	IN	['A621EP716']	2024-11-12 15:52:54.464447+00	2024-11-12 15:52:54.464487+00	\N	2	1	1	OPENING	\N	\N
70	IN	['A621EP716']	2024-11-12 15:53:02.512722+00	2024-11-12 15:53:02.512731+00	\N	2	1	1	OPENING	\N	\N
71	IN	['A621EP716']	2024-11-12 15:53:17.547171+00	2024-11-12 15:53:17.547178+00	\N	2	1	1	OPENING	\N	\N
72	IN	['A621EP716']	2024-11-12 15:53:39.567057+00	2024-11-12 15:53:39.567065+00	\N	2	1	1	OPENING	\N	\N
73	IN	['A621EP716']	2024-11-12 17:02:20.552431+00	2024-11-12 17:02:20.55244+00	\N	2	1	1	OPENING	\N	\N
74	IN	['A621EP716']	2024-11-18 03:18:09.847103+00	2024-11-18 03:18:09.847139+00	\N	2	1	1	OPENING	\N	\N
75	IN	['A621EP716']	2024-11-20 05:38:44.267335+00	2024-11-20 05:38:44.267347+00	\N	2	1	1	OPENING	\N	\N
76	IN	['A621EP716']	2024-11-20 05:38:52.544927+00	2024-11-20 05:38:52.544934+00	\N	2	1	1	OPENING	\N	\N
77	IN	['A621EP716']	2024-11-20 05:39:07.746537+00	2024-11-20 05:39:07.746544+00	\N	2	1	1	OPENING	\N	\N
78	IN	['A621EP716']	2024-11-20 05:39:30.276009+00	2024-11-20 05:39:30.276018+00	\N	2	1	1	OPENING	\N	\N
79	IN	['A621EP716']	2024-11-22 02:48:23.659822+00	2024-11-22 02:48:23.659831+00	\N	2	1	1	OPENING	\N	\N
80	IN	['A621EP716']	2024-11-22 02:49:38.399858+00	2024-11-22 02:49:38.399865+00	\N	2	1	1	OPENING	\N	\N
81	IN	['A621EP716']	2024-11-22 02:52:02.346932+00	2024-11-22 02:52:02.34694+00	\N	2	1	1	OPENING	\N	\N
82	IN	['A621EP716']	2024-11-22 03:12:56.166179+00	2024-11-22 03:12:56.166187+00	\N	2	1	1	OPENING	\N	\N
83	IN	['A621EP716']	2024-11-22 05:21:41.156672+00	2024-11-22 05:21:41.15668+00	\N	2	1	1	OPENING	\N	\N
84	IN	['A621EP716']	2024-11-22 05:21:49.199525+00	2024-11-22 05:21:49.199532+00	\N	2	1	1	OPENING	\N	\N
85	IN	['A621EP716']	2024-11-22 05:22:03.983227+00	2024-11-22 05:22:03.983235+00	\N	2	1	1	OPENING	\N	\N
86	IN	['A621EP716']	2024-11-22 05:22:25.539677+00	2024-11-22 05:22:25.539686+00	\N	2	1	1	OPENING	\N	\N
87	IN	['A621EP716']	2024-11-22 05:41:56.851432+00	2024-11-22 05:41:56.851439+00	\N	2	1	1	OPENING	\N	\N
88	IN	['A621EP716']	2024-11-22 05:42:05.358379+00	2024-11-22 05:42:05.358388+00	\N	2	1	1	OPENING	\N	\N
89	IN	['A621EP716']	2024-11-22 05:42:20.637994+00	2024-11-22 05:42:20.638+00	\N	2	1	1	OPENING	\N	\N
90	IN	['A621EP716']	2024-11-22 05:42:42.983725+00	2024-11-22 05:42:42.983734+00	\N	2	1	1	OPENING	\N	\N
91	IN	['A621EP716']	2024-11-22 05:43:29.443449+00	2024-11-22 05:43:29.443459+00	\N	2	1	1	OPENING	\N	\N
92	IN	['A621EP716']	2024-11-22 05:43:37.735712+00	2024-11-22 05:43:37.73572+00	\N	2	1	1	OPENING	\N	\N
93	IN	['A621EP716']	2024-11-22 05:43:52.938408+00	2024-11-22 05:43:52.938416+00	\N	2	1	1	OPENING	\N	\N
94	IN	['A621EP716']	2024-11-22 05:44:15.445701+00	2024-11-22 05:44:15.44571+00	\N	2	1	1	OPENING	\N	\N
95	IN	['A621EP716']	2024-11-22 05:59:02.245545+00	2024-11-22 05:59:02.245553+00	\N	2	1	1	OPENING	\N	\N
96	IN	['A621EP716']	2024-11-22 05:59:10.683771+00	2024-11-22 05:59:10.683779+00	\N	2	1	1	OPENING	\N	\N
97	IN	['A621EP716']	2024-11-22 05:59:26.430376+00	2024-11-22 05:59:26.430384+00	\N	2	1	1	OPENING	\N	\N
128	IN	['A621EP716']	2024-11-22 14:22:43.292534+00	2024-11-22 14:22:43.292543+00	\N	2	1	1	OPENING	\N	\N
129	IN	['A621EP716']	2024-11-22 14:25:43.99665+00	2024-11-22 14:25:43.996658+00	\N	2	1	1	OPENING	\N	\N
130	IN	['A621EP716']	2024-11-22 14:28:23.947152+00	2024-11-22 14:28:23.94716+00	\N	2	1	1	OPENING	\N	\N
131	IN	['A621EP716']	2024-11-22 16:09:37.891464+00	2024-11-22 16:09:37.891474+00	\N	2	1	1	OPENING	\N	\N
132	IN	['A621EP716']	2024-11-22 16:10:28.772063+00	2024-11-22 16:10:28.772071+00	\N	2	1	1	OPENING	\N	\N
133	IN	['A621EP716']	2024-11-22 16:11:37.50677+00	2024-11-22 16:11:37.506777+00	\N	2	1	1	OPENING	\N	\N
134	IN	['A621EP716']	2024-11-22 16:12:52.836208+00	2024-11-22 16:12:52.836215+00	\N	2	1	1	OPENING	\N	\N
135	IN	['A621EP716']	2024-11-23 02:43:31.389252+00	2024-11-23 02:43:31.389259+00	\N	2	1	1	OPENING	\N	\N
136	IN	['A621EP716']	2024-11-23 02:43:39.647057+00	2024-11-23 02:43:39.647064+00	\N	2	1	1	OPENING	\N	\N
137	IN	['A621EP716']	2024-11-23 02:43:54.848722+00	2024-11-23 02:43:54.84873+00	\N	2	1	1	OPENING	\N	\N
138	IN	['A621EP716']	2024-11-23 02:44:16.719985+00	2024-11-23 02:44:16.719995+00	\N	2	1	1	OPENING	\N	\N
139	IN	['A621EP716']	2024-11-23 03:44:37.06726+00	2024-11-23 03:44:37.067268+00	\N	2	1	1	OPENING	\N	\N
140	IN	['A621EP716']	2024-11-23 03:44:45.450321+00	2024-11-23 03:44:45.450328+00	\N	2	1	1	OPENING	\N	\N
141	IN	['A621EP716']	2024-11-23 03:45:00.383219+00	2024-11-23 03:45:00.383226+00	\N	2	1	1	OPENING	\N	\N
142	IN	['A621EP716']	2024-11-23 03:45:22.637998+00	2024-11-23 03:45:22.638008+00	\N	2	1	1	OPENING	\N	\N
143	IN	['A621EP716']	2024-11-23 06:52:32.779552+00	2024-11-23 06:52:32.779563+00	\N	2	1	1	OPENING	\N	\N
144	IN	['A621EP716']	2024-11-23 06:52:42.207439+00	2024-11-23 06:52:42.207446+00	\N	2	1	1	OPENING	\N	\N
145	IN	['A621EP716']	2024-11-23 06:53:01.44273+00	2024-11-23 06:53:01.44274+00	\N	2	1	1	OPENING	\N	\N
146	IN	['A621EP716']	2024-11-23 06:53:30.622442+00	2024-11-23 06:53:30.62245+00	\N	2	1	1	OPENING	\N	\N
147	IN	['A621EP716']	2024-11-23 06:58:11.326491+00	2024-11-23 06:58:11.326499+00	\N	2	1	1	OPENING	\N	\N
148	IN	['A621EP716']	2024-11-23 06:58:20.919431+00	2024-11-23 06:58:20.919438+00	\N	2	1	1	OPENING	\N	\N
149	IN	['A621EP716']	2024-11-23 06:58:37.821971+00	2024-11-23 06:58:37.821978+00	\N	2	1	1	OPENING	\N	\N
\.


--
-- Data for Name: main_location; Type: TABLE DATA; Schema: public; Owner: visiongate
--

COPY public.main_location (id, code, name, address, description, changed, created, deleted, owner_id, allowed, device, status, token, opened_by, opened_date, mode) FROM stdin;
1	raduzh	Радужный	Челны		2025-01-28 15:02:08.386419+00	2024-11-03 03:07:21.698204+00	\N	1	A621EP716\r\n079X716\r\nK079TY716\r\nK079TY718\r\nK079TY11\r\nK079TY0\r\nX079TY\r\nO683PC716\r\nY205BK716\r\nK518XX716\r\n---\r\nM310YH716\r\nX999HC116	10022fe655	OPEN	095c38852ed65dfb96717037b1bb7d9d1fc5a571	OUT	2025-01-28 15:02:08.386409+00	AUTOCLOSE
\.


--
-- Data for Name: management_locationuser; Type: TABLE DATA; Schema: public; Owner: visiongate
--

COPY public.management_locationuser (id, created, changed, deleted, location_id, user_id) FROM stdin;
1	2025-01-03 10:38:05.895604+00	2025-01-03 10:38:05.90058+00	\N	1	3
\.


--
-- Name: auth_group_id_seq; Type: SEQUENCE SET; Schema: public; Owner: visiongate
--

SELECT pg_catalog.setval('public.auth_group_id_seq', 2, true);


--
-- Name: auth_group_permissions_id_seq; Type: SEQUENCE SET; Schema: public; Owner: visiongate
--

SELECT pg_catalog.setval('public.auth_group_permissions_id_seq', 15, true);


--
-- Name: auth_permission_id_seq; Type: SEQUENCE SET; Schema: public; Owner: visiongate
--

SELECT pg_catalog.setval('public.auth_permission_id_seq', 40, true);


--
-- Name: auth_user_groups_id_seq; Type: SEQUENCE SET; Schema: public; Owner: visiongate
--

SELECT pg_catalog.setval('public.auth_user_groups_id_seq', 4, true);


--
-- Name: auth_user_id_seq; Type: SEQUENCE SET; Schema: public; Owner: visiongate
--

SELECT pg_catalog.setval('public.auth_user_id_seq', 3, true);


--
-- Name: auth_user_user_permissions_id_seq; Type: SEQUENCE SET; Schema: public; Owner: visiongate
--

SELECT pg_catalog.setval('public.auth_user_user_permissions_id_seq', 12, true);


--
-- Name: django_admin_log_id_seq; Type: SEQUENCE SET; Schema: public; Owner: visiongate
--

SELECT pg_catalog.setval('public.django_admin_log_id_seq', 65, true);


--
-- Name: django_content_type_id_seq; Type: SEQUENCE SET; Schema: public; Owner: visiongate
--

SELECT pg_catalog.setval('public.django_content_type_id_seq', 10, true);


--
-- Name: django_migrations_id_seq; Type: SEQUENCE SET; Schema: public; Owner: visiongate
--

SELECT pg_catalog.setval('public.django_migrations_id_seq', 35, true);


--
-- Name: main_camera_id_seq; Type: SEQUENCE SET; Schema: public; Owner: visiongate
--

SELECT pg_catalog.setval('public.main_camera_id_seq', 2, true);


--
-- Name: main_event_id_seq; Type: SEQUENCE SET; Schema: public; Owner: visiongate
--

SELECT pg_catalog.setval('public.main_event_id_seq', 21484, true);


--
-- Name: main_location_id_seq; Type: SEQUENCE SET; Schema: public; Owner: visiongate
--

SELECT pg_catalog.setval('public.main_location_id_seq', 1, true);


--
-- Name: management_locationuser_id_seq; Type: SEQUENCE SET; Schema: public; Owner: visiongate
--

SELECT pg_catalog.setval('public.management_locationuser_id_seq', 1, true);


--
-- Name: auth_group auth_group_name_key; Type: CONSTRAINT; Schema: public; Owner: visiongate
--

ALTER TABLE ONLY public.auth_group
    ADD CONSTRAINT auth_group_name_key UNIQUE (name);


--
-- Name: auth_group_permissions auth_group_permissions_group_id_permission_id_0cd325b0_uniq; Type: CONSTRAINT; Schema: public; Owner: visiongate
--

ALTER TABLE ONLY public.auth_group_permissions
    ADD CONSTRAINT auth_group_permissions_group_id_permission_id_0cd325b0_uniq UNIQUE (group_id, permission_id);


--
-- Name: auth_group_permissions auth_group_permissions_pkey; Type: CONSTRAINT; Schema: public; Owner: visiongate
--

ALTER TABLE ONLY public.auth_group_permissions
    ADD CONSTRAINT auth_group_permissions_pkey PRIMARY KEY (id);


--
-- Name: auth_group auth_group_pkey; Type: CONSTRAINT; Schema: public; Owner: visiongate
--

ALTER TABLE ONLY public.auth_group
    ADD CONSTRAINT auth_group_pkey PRIMARY KEY (id);


--
-- Name: auth_permission auth_permission_content_type_id_codename_01ab375a_uniq; Type: CONSTRAINT; Schema: public; Owner: visiongate
--

ALTER TABLE ONLY public.auth_permission
    ADD CONSTRAINT auth_permission_content_type_id_codename_01ab375a_uniq UNIQUE (content_type_id, codename);


--
-- Name: auth_permission auth_permission_pkey; Type: CONSTRAINT; Schema: public; Owner: visiongate
--

ALTER TABLE ONLY public.auth_permission
    ADD CONSTRAINT auth_permission_pkey PRIMARY KEY (id);


--
-- Name: auth_user_groups auth_user_groups_pkey; Type: CONSTRAINT; Schema: public; Owner: visiongate
--

ALTER TABLE ONLY public.auth_user_groups
    ADD CONSTRAINT auth_user_groups_pkey PRIMARY KEY (id);


--
-- Name: auth_user_groups auth_user_groups_user_id_group_id_94350c0c_uniq; Type: CONSTRAINT; Schema: public; Owner: visiongate
--

ALTER TABLE ONLY public.auth_user_groups
    ADD CONSTRAINT auth_user_groups_user_id_group_id_94350c0c_uniq UNIQUE (user_id, group_id);


--
-- Name: auth_user auth_user_pkey; Type: CONSTRAINT; Schema: public; Owner: visiongate
--

ALTER TABLE ONLY public.auth_user
    ADD CONSTRAINT auth_user_pkey PRIMARY KEY (id);


--
-- Name: auth_user_user_permissions auth_user_user_permissions_pkey; Type: CONSTRAINT; Schema: public; Owner: visiongate
--

ALTER TABLE ONLY public.auth_user_user_permissions
    ADD CONSTRAINT auth_user_user_permissions_pkey PRIMARY KEY (id);


--
-- Name: auth_user_user_permissions auth_user_user_permissions_user_id_permission_id_14a6b632_uniq; Type: CONSTRAINT; Schema: public; Owner: visiongate
--

ALTER TABLE ONLY public.auth_user_user_permissions
    ADD CONSTRAINT auth_user_user_permissions_user_id_permission_id_14a6b632_uniq UNIQUE (user_id, permission_id);


--
-- Name: auth_user auth_user_username_key; Type: CONSTRAINT; Schema: public; Owner: visiongate
--

ALTER TABLE ONLY public.auth_user
    ADD CONSTRAINT auth_user_username_key UNIQUE (username);


--
-- Name: django_admin_log django_admin_log_pkey; Type: CONSTRAINT; Schema: public; Owner: visiongate
--

ALTER TABLE ONLY public.django_admin_log
    ADD CONSTRAINT django_admin_log_pkey PRIMARY KEY (id);


--
-- Name: django_content_type django_content_type_app_label_model_76bd3d3b_uniq; Type: CONSTRAINT; Schema: public; Owner: visiongate
--

ALTER TABLE ONLY public.django_content_type
    ADD CONSTRAINT django_content_type_app_label_model_76bd3d3b_uniq UNIQUE (app_label, model);


--
-- Name: django_content_type django_content_type_pkey; Type: CONSTRAINT; Schema: public; Owner: visiongate
--

ALTER TABLE ONLY public.django_content_type
    ADD CONSTRAINT django_content_type_pkey PRIMARY KEY (id);


--
-- Name: django_migrations django_migrations_pkey; Type: CONSTRAINT; Schema: public; Owner: visiongate
--

ALTER TABLE ONLY public.django_migrations
    ADD CONSTRAINT django_migrations_pkey PRIMARY KEY (id);


--
-- Name: django_session django_session_pkey; Type: CONSTRAINT; Schema: public; Owner: visiongate
--

ALTER TABLE ONLY public.django_session
    ADD CONSTRAINT django_session_pkey PRIMARY KEY (session_key);


--
-- Name: main_camera main_camera_code_9c42f6e8_uniq; Type: CONSTRAINT; Schema: public; Owner: visiongate
--

ALTER TABLE ONLY public.main_camera
    ADD CONSTRAINT main_camera_code_9c42f6e8_uniq UNIQUE (code);


--
-- Name: main_camera main_camera_pkey; Type: CONSTRAINT; Schema: public; Owner: visiongate
--

ALTER TABLE ONLY public.main_camera
    ADD CONSTRAINT main_camera_pkey PRIMARY KEY (id);


--
-- Name: main_event main_event_pkey; Type: CONSTRAINT; Schema: public; Owner: visiongate
--

ALTER TABLE ONLY public.main_event
    ADD CONSTRAINT main_event_pkey PRIMARY KEY (id);


--
-- Name: main_location main_location_code_key; Type: CONSTRAINT; Schema: public; Owner: visiongate
--

ALTER TABLE ONLY public.main_location
    ADD CONSTRAINT main_location_code_key UNIQUE (code);


--
-- Name: main_location main_location_pkey; Type: CONSTRAINT; Schema: public; Owner: visiongate
--

ALTER TABLE ONLY public.main_location
    ADD CONSTRAINT main_location_pkey PRIMARY KEY (id);


--
-- Name: management_locationuser management_locationuser_pkey; Type: CONSTRAINT; Schema: public; Owner: visiongate
--

ALTER TABLE ONLY public.management_locationuser
    ADD CONSTRAINT management_locationuser_pkey PRIMARY KEY (id);


--
-- Name: auth_group_name_a6ea08ec_like; Type: INDEX; Schema: public; Owner: visiongate
--

CREATE INDEX auth_group_name_a6ea08ec_like ON public.auth_group USING btree (name varchar_pattern_ops);


--
-- Name: auth_group_permissions_group_id_b120cbf9; Type: INDEX; Schema: public; Owner: visiongate
--

CREATE INDEX auth_group_permissions_group_id_b120cbf9 ON public.auth_group_permissions USING btree (group_id);


--
-- Name: auth_group_permissions_permission_id_84c5c92e; Type: INDEX; Schema: public; Owner: visiongate
--

CREATE INDEX auth_group_permissions_permission_id_84c5c92e ON public.auth_group_permissions USING btree (permission_id);


--
-- Name: auth_permission_content_type_id_2f476e4b; Type: INDEX; Schema: public; Owner: visiongate
--

CREATE INDEX auth_permission_content_type_id_2f476e4b ON public.auth_permission USING btree (content_type_id);


--
-- Name: auth_user_groups_group_id_97559544; Type: INDEX; Schema: public; Owner: visiongate
--

CREATE INDEX auth_user_groups_group_id_97559544 ON public.auth_user_groups USING btree (group_id);


--
-- Name: auth_user_groups_user_id_6a12ed8b; Type: INDEX; Schema: public; Owner: visiongate
--

CREATE INDEX auth_user_groups_user_id_6a12ed8b ON public.auth_user_groups USING btree (user_id);


--
-- Name: auth_user_user_permissions_permission_id_1fbb5f2c; Type: INDEX; Schema: public; Owner: visiongate
--

CREATE INDEX auth_user_user_permissions_permission_id_1fbb5f2c ON public.auth_user_user_permissions USING btree (permission_id);


--
-- Name: auth_user_user_permissions_user_id_a95ead1b; Type: INDEX; Schema: public; Owner: visiongate
--

CREATE INDEX auth_user_user_permissions_user_id_a95ead1b ON public.auth_user_user_permissions USING btree (user_id);


--
-- Name: auth_user_username_6821ab7c_like; Type: INDEX; Schema: public; Owner: visiongate
--

CREATE INDEX auth_user_username_6821ab7c_like ON public.auth_user USING btree (username varchar_pattern_ops);


--
-- Name: django_admin_log_content_type_id_c4bce8eb; Type: INDEX; Schema: public; Owner: visiongate
--

CREATE INDEX django_admin_log_content_type_id_c4bce8eb ON public.django_admin_log USING btree (content_type_id);


--
-- Name: django_admin_log_user_id_c564eba6; Type: INDEX; Schema: public; Owner: visiongate
--

CREATE INDEX django_admin_log_user_id_c564eba6 ON public.django_admin_log USING btree (user_id);


--
-- Name: django_session_expire_date_a5c62663; Type: INDEX; Schema: public; Owner: visiongate
--

CREATE INDEX django_session_expire_date_a5c62663 ON public.django_session USING btree (expire_date);


--
-- Name: django_session_session_key_c0390e0f_like; Type: INDEX; Schema: public; Owner: visiongate
--

CREATE INDEX django_session_session_key_c0390e0f_like ON public.django_session USING btree (session_key varchar_pattern_ops);


--
-- Name: main_camera_code_9c42f6e8_like; Type: INDEX; Schema: public; Owner: visiongate
--

CREATE INDEX main_camera_code_9c42f6e8_like ON public.main_camera USING btree (code varchar_pattern_ops);


--
-- Name: main_camera_location_id_070b3ef3; Type: INDEX; Schema: public; Owner: visiongate
--

CREATE INDEX main_camera_location_id_070b3ef3 ON public.main_camera USING btree (location_id);


--
-- Name: main_camera_owner_id_b21b1e27; Type: INDEX; Schema: public; Owner: visiongate
--

CREATE INDEX main_camera_owner_id_b21b1e27 ON public.main_camera USING btree (owner_id);


--
-- Name: main_event_camera_id_9eccea3b; Type: INDEX; Schema: public; Owner: visiongate
--

CREATE INDEX main_event_camera_id_9eccea3b ON public.main_event USING btree (camera_id);


--
-- Name: main_event_location_id_dbe52d67; Type: INDEX; Schema: public; Owner: visiongate
--

CREATE INDEX main_event_location_id_dbe52d67 ON public.main_event USING btree (location_id);


--
-- Name: main_event_owner_id_8cc4aec3; Type: INDEX; Schema: public; Owner: visiongate
--

CREATE INDEX main_event_owner_id_8cc4aec3 ON public.main_event USING btree (owner_id);


--
-- Name: main_location_code_847d6ce9_like; Type: INDEX; Schema: public; Owner: visiongate
--

CREATE INDEX main_location_code_847d6ce9_like ON public.main_location USING btree (code varchar_pattern_ops);


--
-- Name: main_location_owner_id_4a945eae; Type: INDEX; Schema: public; Owner: visiongate
--

CREATE INDEX main_location_owner_id_4a945eae ON public.main_location USING btree (owner_id);


--
-- Name: management_locationuser_location_id_17943fcd; Type: INDEX; Schema: public; Owner: visiongate
--

CREATE INDEX management_locationuser_location_id_17943fcd ON public.management_locationuser USING btree (location_id);


--
-- Name: management_locationuser_user_id_ff698bc7; Type: INDEX; Schema: public; Owner: visiongate
--

CREATE INDEX management_locationuser_user_id_ff698bc7 ON public.management_locationuser USING btree (user_id);


--
-- Name: auth_group_permissions auth_group_permissio_permission_id_84c5c92e_fk_auth_perm; Type: FK CONSTRAINT; Schema: public; Owner: visiongate
--

ALTER TABLE ONLY public.auth_group_permissions
    ADD CONSTRAINT auth_group_permissio_permission_id_84c5c92e_fk_auth_perm FOREIGN KEY (permission_id) REFERENCES public.auth_permission(id) DEFERRABLE INITIALLY DEFERRED;


--
-- Name: auth_group_permissions auth_group_permissions_group_id_b120cbf9_fk_auth_group_id; Type: FK CONSTRAINT; Schema: public; Owner: visiongate
--

ALTER TABLE ONLY public.auth_group_permissions
    ADD CONSTRAINT auth_group_permissions_group_id_b120cbf9_fk_auth_group_id FOREIGN KEY (group_id) REFERENCES public.auth_group(id) DEFERRABLE INITIALLY DEFERRED;


--
-- Name: auth_permission auth_permission_content_type_id_2f476e4b_fk_django_co; Type: FK CONSTRAINT; Schema: public; Owner: visiongate
--

ALTER TABLE ONLY public.auth_permission
    ADD CONSTRAINT auth_permission_content_type_id_2f476e4b_fk_django_co FOREIGN KEY (content_type_id) REFERENCES public.django_content_type(id) DEFERRABLE INITIALLY DEFERRED;


--
-- Name: auth_user_groups auth_user_groups_group_id_97559544_fk_auth_group_id; Type: FK CONSTRAINT; Schema: public; Owner: visiongate
--

ALTER TABLE ONLY public.auth_user_groups
    ADD CONSTRAINT auth_user_groups_group_id_97559544_fk_auth_group_id FOREIGN KEY (group_id) REFERENCES public.auth_group(id) DEFERRABLE INITIALLY DEFERRED;


--
-- Name: auth_user_groups auth_user_groups_user_id_6a12ed8b_fk_auth_user_id; Type: FK CONSTRAINT; Schema: public; Owner: visiongate
--

ALTER TABLE ONLY public.auth_user_groups
    ADD CONSTRAINT auth_user_groups_user_id_6a12ed8b_fk_auth_user_id FOREIGN KEY (user_id) REFERENCES public.auth_user(id) DEFERRABLE INITIALLY DEFERRED;


--
-- Name: auth_user_user_permissions auth_user_user_permi_permission_id_1fbb5f2c_fk_auth_perm; Type: FK CONSTRAINT; Schema: public; Owner: visiongate
--

ALTER TABLE ONLY public.auth_user_user_permissions
    ADD CONSTRAINT auth_user_user_permi_permission_id_1fbb5f2c_fk_auth_perm FOREIGN KEY (permission_id) REFERENCES public.auth_permission(id) DEFERRABLE INITIALLY DEFERRED;


--
-- Name: auth_user_user_permissions auth_user_user_permissions_user_id_a95ead1b_fk_auth_user_id; Type: FK CONSTRAINT; Schema: public; Owner: visiongate
--

ALTER TABLE ONLY public.auth_user_user_permissions
    ADD CONSTRAINT auth_user_user_permissions_user_id_a95ead1b_fk_auth_user_id FOREIGN KEY (user_id) REFERENCES public.auth_user(id) DEFERRABLE INITIALLY DEFERRED;


--
-- Name: django_admin_log django_admin_log_content_type_id_c4bce8eb_fk_django_co; Type: FK CONSTRAINT; Schema: public; Owner: visiongate
--

ALTER TABLE ONLY public.django_admin_log
    ADD CONSTRAINT django_admin_log_content_type_id_c4bce8eb_fk_django_co FOREIGN KEY (content_type_id) REFERENCES public.django_content_type(id) DEFERRABLE INITIALLY DEFERRED;


--
-- Name: django_admin_log django_admin_log_user_id_c564eba6_fk_auth_user_id; Type: FK CONSTRAINT; Schema: public; Owner: visiongate
--

ALTER TABLE ONLY public.django_admin_log
    ADD CONSTRAINT django_admin_log_user_id_c564eba6_fk_auth_user_id FOREIGN KEY (user_id) REFERENCES public.auth_user(id) DEFERRABLE INITIALLY DEFERRED;


--
-- Name: main_camera main_camera_location_id_070b3ef3_fk_main_location_id; Type: FK CONSTRAINT; Schema: public; Owner: visiongate
--

ALTER TABLE ONLY public.main_camera
    ADD CONSTRAINT main_camera_location_id_070b3ef3_fk_main_location_id FOREIGN KEY (location_id) REFERENCES public.main_location(id) DEFERRABLE INITIALLY DEFERRED;


--
-- Name: main_camera main_camera_owner_id_b21b1e27_fk_auth_user_id; Type: FK CONSTRAINT; Schema: public; Owner: visiongate
--

ALTER TABLE ONLY public.main_camera
    ADD CONSTRAINT main_camera_owner_id_b21b1e27_fk_auth_user_id FOREIGN KEY (owner_id) REFERENCES public.auth_user(id) DEFERRABLE INITIALLY DEFERRED;


--
-- Name: main_event main_event_camera_id_9eccea3b_fk_main_camera_id; Type: FK CONSTRAINT; Schema: public; Owner: visiongate
--

ALTER TABLE ONLY public.main_event
    ADD CONSTRAINT main_event_camera_id_9eccea3b_fk_main_camera_id FOREIGN KEY (camera_id) REFERENCES public.main_camera(id) DEFERRABLE INITIALLY DEFERRED;


--
-- Name: main_event main_event_location_id_dbe52d67_fk_main_location_id; Type: FK CONSTRAINT; Schema: public; Owner: visiongate
--

ALTER TABLE ONLY public.main_event
    ADD CONSTRAINT main_event_location_id_dbe52d67_fk_main_location_id FOREIGN KEY (location_id) REFERENCES public.main_location(id) DEFERRABLE INITIALLY DEFERRED;


--
-- Name: main_event main_event_owner_id_8cc4aec3_fk_auth_user_id; Type: FK CONSTRAINT; Schema: public; Owner: visiongate
--

ALTER TABLE ONLY public.main_event
    ADD CONSTRAINT main_event_owner_id_8cc4aec3_fk_auth_user_id FOREIGN KEY (owner_id) REFERENCES public.auth_user(id) DEFERRABLE INITIALLY DEFERRED;


--
-- Name: main_location main_location_owner_id_4a945eae_fk_auth_user_id; Type: FK CONSTRAINT; Schema: public; Owner: visiongate
--

ALTER TABLE ONLY public.main_location
    ADD CONSTRAINT main_location_owner_id_4a945eae_fk_auth_user_id FOREIGN KEY (owner_id) REFERENCES public.auth_user(id) DEFERRABLE INITIALLY DEFERRED;


--
-- Name: management_locationuser management_locationu_location_id_17943fcd_fk_main_loca; Type: FK CONSTRAINT; Schema: public; Owner: visiongate
--

ALTER TABLE ONLY public.management_locationuser
    ADD CONSTRAINT management_locationu_location_id_17943fcd_fk_main_loca FOREIGN KEY (location_id) REFERENCES public.main_location(id) DEFERRABLE INITIALLY DEFERRED;


--
-- Name: management_locationuser management_locationuser_user_id_ff698bc7_fk_auth_user_id; Type: FK CONSTRAINT; Schema: public; Owner: visiongate
--

ALTER TABLE ONLY public.management_locationuser
    ADD CONSTRAINT management_locationuser_user_id_ff698bc7_fk_auth_user_id FOREIGN KEY (user_id) REFERENCES public.auth_user(id) DEFERRABLE INITIALLY DEFERRED;


--
-- PostgreSQL database dump complete
--

